company_name,representative,emails,website
Architronica Limited,,info@architronica.co.uk,https://architronica.co.uk
,,,https://universalrentals.co.uk
Transalliance,,contact@plugandcom.com; dpo@transalliance.eu,https://transalliance.eu
ALTA,,impallari@gmail.com; team@latofonts.com,https://altaimage.co.uk
West End Drinks Ltd,Howard Raymond,info@westenddrinks.com,https://westenddrinks.com
Peter Bradfield Ltd,Peter Bradfield,peter@bradfieldcars.com,https://bradfieldcars.com
CAL Investments Ltd,Gregory Pritchard,info@calinvestments.co.uk,https://calinvestments.co.uk
Velobello LTD,,hello@velobello.com,https://velobello.com
,,,https://autocapital.co.uk
Airport Executive Ltd,,bookings@airportexecutive.com; mo@airportexecutive.com; platform@ec.europa.eu,https://airportexecutive.com
,,,https://shop.beano.com
WHITEHOUSE BUILDING CONSTRUCTION LIMITED,,info@whitehousebc.co.uk,https://whitehousebc.co.uk
Cosmopolitan Recruitment,,enquiries@cosmopolitanrecruitment.co.uk; info@cosmopolitanrecruitment.co.uk; webmaster@cosmopolitanrecruitment.co.uk; erik@cosmopolitanrecruitment.co.uk,https://cosmopolitanrecruitment.co.uk
,,,https://doneanddusted.com
Wider Lens Inc,,help@widerlensinc.com,https://widerlensinc.com
KNature Care,Nathalie Wakim,info@knaturecare.com,https://knaturecare.com
Black+Blum Ltd,Dan Black,sales@black-blum.com; pr@black-blum.com; askme@black-blum.com; marketing@black-blum.com; influencer@black-blum.com; co-brand@black-blum.com,https://black-blum.com
Down To Groundworks Ltd,Henk Louw,info@downtogroundworks.co.uk,https://downtogroundworks.co.uk
i-Tech Groups,,info@itechgroups.co.uk,https://itechgroups.co.uk
Sonar IT,Joshua Bevis,support@sonarit.co.uk; ontheradar@sonarit.co.uk; easypeasyit@easypeasyit.onmicrosoft.com,https://sonarit.co.uk
Liquid Entertainment,,info@liquidentertainment.co.uk; randz@liquidentertainment.co.uk,https://liquidentertainment.co.uk
,,,https://atomlearning.com
WatsonCo Ltd,Mark Watson,markwatson@watsonco.co.uk,https://watsonco.co.uk
Adam Flanagan Design,Adam Flanagan,hello@adam-flanagan.co.uk; adam@af-studio.co.uk,https://adam-flanagan.co.uk
,,,https://protourvans.com
Lindner Group KG,Veronika Lindner,info@lindner-group.com; datenschutzbeauftragter@lindner-group.com; bautechnik@lindner-group.com; bautechnik.lux@lindner-group.com; finland@lindner-group.com; iceland@lindner-group.com; azerbaijan@lindner-group.com; denmark@lindner-group.com; norway@lindner-group.com; partitionsystems@lindner-group.com; usa@lindner-group.com; belgium@lindner-group.com; heating.cooling@lindner-group.com; marketing@lindner-group.com; ceilings@lindner-group.com; steelglass@lindner-group.com; floorsystems@lindner-group.com,https://lindner-group.com/en
Woodalls,Hans Woodcock,info@woodallsdesign.com,https://woodallsdesign.com
,,,https://unictechnologies.co.uk
Ganco Assets,Nowsad Gani,info@ganco.co.uk,https://ganco.co.uk/contact
Dakik Studio Ltd,Erdeniz Korkmaz,hello@dakik.co.uk; help@dakik.co.uk; new@dakik.co.uk; ask@dakik.co.uk,https://dakik.co.uk
Bounce Ping Pong,,marketing@bouncepingpong.com; bookings@bouncepingpong.com; events@bouncepingpong.com; ashley@bouncepingpong.com,https://bouncepingpong.com/locations/farringdon
,,,https://jl-sportsinvestment.com
Blue Jay Oriental Foods Ltd,,sales_th@bluejayorientalfoods.com,https://bluejayorientalfoods.co.uk
,,,https://polarblackevents.com
Tinies UK Recruitment Limited,,info@tinies.com; dataprivacy@brighthorizons.com; c.london@tinies.com; glasgow@tinies.com,https://tinies.com/locations/england/tinies-central-london-international
Waste Management Group,,info@wastemanagement.group,https://wastemanagement.group
Account Suspended,,webmaster@vrcompression.com,https://vrcompression.com
Agile And IT Digital Services Limited,Mahidhar Depuru,hr@agileanditdigital.com,https://agileanditdigital.com
The Baby Surrogacy LTD 14038878,Cristiano Nepi,info@thebabysurrogacy.com; support@thebabysurrogacy.com,https://thebabysurrogacy.com
,,,https://talentstaffing.co.uk
Nutopia Ltd,Jane Root,info@nutopia.com; press@nutopia.com; data.protection@nutopia.com,https://nutopia.com
,,,https://whg.uk.com
Amanah Caterers,,info@amanahcaterers.co.uk,https://amanahcaterers.co.uk
,,,https://cemglaze.co.uk
ProSec Company Secretarial Services Ltd,,contact@prosec-cosec.com,https://prosec-cosec.com
Wells Park Communications Ltd.,Nick,nick@wellspark.co.uk,https://wellspark.co.uk
,,,https://porism.com
,,,https://am-one-int.co.uk
,,,https://ikaltechnologies.co.uk
,,,https://dpworld.com
,,,https://complete-hs.co.uk
Fulmer Developments Ltd,Paul Brett,info@fulmerdevelopments.co.uk,https://fulmerdevelopments.com
Baby Bacchus,,info@babybacchus.co.uk; user@domain.com,https://babybacchus.co.uk
A2 Maritime Ltd,,contact@a2-maritime.com,https://a2-maritime.com
Voyager Camper Conversions,Jamie Sheffield,info@voyagercamperconversion.co.uk; info@voyagercamperconversions.co.uk,https://voyagercamperconversions.com
,,,https://aya-creative.co.uk
Yashvi Data Systems,,info@yashvidatasystems.co.uk; john@websiteaddress.com,https://yashvidatasystems.co.uk
Cooking Kneads,Gill,gill@cookingkneads.co.uk,https://cookingkneads.co.uk
Corse Lawn House,,enquiries@corselawn.com,https://corselawn.com
Apollo Clinics LTD,Dinos Boufardeas,info@apolloclinics.co.uk; office@apolloclinics.co.uk; dinos@apolloclinics.co.uk,https://apolloclinics.co.uk/locations/bexley
Usha Consultancy Services Ltd.,Reddy Muppidi,services@ushaconsultancy.com; admin@ushaconsultancy.com; sap@ushaconsultancy.com; consultancy@ushaconsultancy.com; databases@ushaconsultancy.com,https://ushaconsultancy.com
Audio Wave Ltd,,grant@audiowaveltd.com; mail@fullrangexperience.com; daniel.agenjo@gmail.com,https://audiowaveltd.com
Beard PANS Ltd,Anton,info@beardpans.com; contact@beardpans.com; beardpans@gmail.com,https://beardpans.com
Dumonts Solicitors Ltd,Raheel Khan,info@dumonts-solicitors.com,https://dumonts-solicitors.com
,,,https://arema.co.uk
Alfaco Partners Limited,,info@alfacopartners.com,https://alfacopartners.com
Bespoke England Tours,David Garcia,info@bespokeenglandtours.com; reservations@bespokeenglandtours.com,https://bespokeenglandtours.com
Altamira Training Ltd,,info@altamiratraining.co.uk; david@altamiratraining.co.uk,https://altamiratraining.co.uk
Amaanah Accountants,,info@amaanahaccountants.co.uk,https://amaanahaccountants.co.uk
,,,https://butektanks.com
Zahter,Esra Muslu,info@zahter.co.uk; reservation@zahter.co.uk,https://zahter.co.uk
,,,https://allscapes.uk
Ariel Green,Jan Napiorkowski,info@arielre.com; pressqueries@arielgreen.com; christine.sun@arielgreen.com; jan.napiorkowski@arielgreen.com; fraser.blunt@arielgreen.com; kit.chu@arielgreen.com; tad.dritz@arielgreen.com; xiao.ning@arielgreen.com; frank.petrocelli@arielgreen.com; fred.barton@arielgreen.com; shannon@trevicomm.com; marketing@arielre.com; sarah.hills@rein4ce.co.uk; stephen.breen@rein4ce.co.uk; peter@renewcomm.com; imogen.morrison@rein4ce.co.uk,https://arielgreen.com
Cedars House,,info@cedarshouse.net,https://cedarshouse.net
EXPERT SERVICES UK,,office@expertservicesuk.com,https://expertservicesuk.com
Basement Structures Limited,Darren Wilks,info@basementstructures.co.uk,https://basementstructures.co.uk
Intro Property,,admin@introproperty.co.uk,https://introproperty.co.uk
,,,https://virginlimitededition.com/utm_medium=organic&utm_source=googlebusiness-ulusaba&utm_campaign=vle-home
,,,https://wlv.ac.uk/careers
Applied Image Limited,,support@appliedimage.co.uk; info@treesandmore.co.uk,https://appliedimage.co.uk
WJS Electrical Services Ltd,,info@wjselectrical.co.uk,https://wjselectrical.co.uk
"Atlas Travel & Technology Group, Inc.",,press@atlastravel.com; vacations@atlastravel.com; atlasevents@atlastravel.com,https://atlastravel.com
Unite in Fitness,Jackie,info@uniteinfitness.co.uk; website@uniteinfitness.co.uk; today@uniteinfitness.co.uk,https://uniteinfitness.co.uk
Windmill Retreats,Mark,sales@windmillretreats.co.uk; windmillretreats@gmail.com; user@domain.com,https://windmillretreats.co.uk
,,,https://tqr.co.uk
CS Hodges,David Clark,enquiries@cshodges.co.uk,https://cshodges.co.uk
,,,https://bakerhughes.com
Kibu Consulting,,info@kibuconsulting.co.uk,https://kibuconsulting.co.uk
CDAM (UK) Limited,Adam Chamberlain,info@cdam.co.uk; george@cdam.co.uk; cioeditors@strategic-i.com,https://cdam.co.uk
Tuck Shop,Jake,hello@tuck-shop.co.uk,https://tuck-shop.co.uk
dictate2us LTD,,info@dictate2us.com; enquiries@dictate2us.com,https://dictate2us.com
Cascades Shopping Centre,,info@cascades-shopping.co.uk; sales@boomerangmedia.co.uk; sales@thecpc.co.uk; amy.grice@cascades-shopping.co.uk; teamdigital@bewonder.co.uk; a.masterman@flude.com; annabel@forumrcp.com; gina@forumrcp.com; oliver@forumrcp.com; danni.smith@boomerangmedia.co.uk; sellrepairportsmouth@gmail.com; toptailoring@outlook.com,https://cascades-shopping.co.uk
,,,https://meadelectricalservices.co.uk
Chantal Beauty-Aesthetics Clinic,,info@chantalbeautyclinic.com,https://chantalbeautyclinic.com
,,,https://gransnet.com
Bradman Lake Ltd,,sales@bradmanlake.com; privacy@langleyholdings.com; info@flexpack.com.my; info@pfsholding.com; serviceuk@bradmanlake.com; serviceus@bradmanlake.com; recruitment@bradmanlake.com; uk@bradmanlake.com; usa@bradmanlake.com; india@bradmanlake.com; mena@bradmanlake.com; mark.jermy@bradmanlake.com; alison.davidson@bradmanlake.com; kris.spooner@bradmanlake.com; daniel.bond@bradmanlake.com; josh.knights@bradmanlake.com; kevin.bryant@bradmanlake.com; alison.brown@bradmanlake.com; walter.jones@bradmanlake.com; bradmanlakespares@bradmanlake.com; russia@bradmanlake.com; interbion@interbion.com.ar; kim.londholm@daco.fi; franki@sltnet.lk; claes@hawapack.se; mpasia@loxinfo.co.th; malbayrak@elbak.com.tr; vijay.kumar3@au.bosch.com,https://bradmanlake.com
Zorva Consulting Limited,,hello@zorva.info; webenquiry@zorva.info; report@phishing.gov.uk,https://zorva.info/about-us/cookie-policy
Blue Ocean Services (BOS) Limited,,info@blueoceanservicesuk.com; admin@blueoceanservicesuk.com,https://blueoceanservicesuk.com
Canaccord Wealth,David Esfandi,enquiries@canaccord.com; clientenquiries@canaccord.com; fraud@canaccord.com; cgwmukcareers@canaccord.com; wmadvisorycompliance@canaccord.com; luke.farrington@canaccord.com; cgwmonline@canaccord.com; businessdevelopment@canaccord.com; hazel.bowen@canaccord.com; marketing@canaccord.com,https://canaccord-wealth.com
Fortune Green Legal Practice Limited,Linda Felton,info@fglp.co.uk; l.fenton@fglp.co.uk,https://fglp.co.uk
